"Overledenen; geslacht en leeftijd, per week"
""
""
"Topic";"Overledenen";"Overledenen";"Overledenen";"Overledenen"
"Age (on December 31)";"Total age";"0 to 65 years";"65 to 80 years";"80 years or older"
"Sex";"Total men and women";"Total men and women";"Total men and women";"Total men and women"
"Periods";"number";"number";"number";"number"
"1995 week 1";"2719";"476";"901";"1342"
"1995 week 2";"2823";"511";"955";"1357"
"1995 week 3";"2609";"473";"888";"1248"
"1995 week 4";"2664";"513";"880";"1271"
"1995 week 5";"2577";"484";"874";"1219"
"1995 week 6";"2536";"464";"879";"1193"
"1995 week 7";"2551";"503";"888";"1160"
"1995 week 8";"2510";"481";"838";"1191"
"1995 week 9";"2490";"491";"852";"1147"
"1995 week 10";"2770";"513";"986";"1271"
"1995 week 11";"2800";"486";"980";"1334"
"1995 week 12";"2786";"516";"958";"1312"
"1995 week 13";"2634";"498";"923";"1213"
"1995 week 14";"2717";"492";"901";"1324"
"1995 week 15";"2645";"499";"970";"1176"
"1995 week 16";"2691";"508";"937";"1246"
"1995 week 17";"2645";"488";"906";"1251"
"1995 week 18";"2628";"508";"928";"1192"
"1995 week 19";"2486";"528";"869";"1089"
"1995 week 20";"2482";"463";"893";"1126"
"1995 week 21";"2468";"492";"877";"1099"
"1995 week 22";"2485";"514";"895";"1076"
"1995 week 23";"2319";"485";"810";"1024"
"1995 week 24";"2352";"435";"859";"1058"
"1995 week 25";"2498";"477";"850";"1171"
"1995 week 26";"2663";"511";"924";"1,228"
"1995 week 27";"2489";"522";"873";"1094"
"1995 week 28";"2808";"517";"931";"1360"
"1995 week 29";"2451";"480";"878";"1093"
"1995 week 30";"2466";"512";"841";"1113"
"1995 week 31";"2744";"527";"889";"1328"
"1995 week 32";"2473";"504";"871";"1098"
"1995 week 33";"2380";"466";"848";"1066"
"1995 week 34";"2427";"508";"851";"1068"
"1995 week 35";"2278";"472";"793";"1013"
"1995 week 36";"2362";"512";"819";"1031"
"1995 week 37";"2348";"500";"846";"1002"
"1995 week 38";"2437";"479";"956";"1002"
"1995 week 39";"2366";"508";"838";"1020"
"1995 week 40";"2525";"496";"931";"1098"
"1995 week 41";"2600";"526";"920";"1154"
"1995 week 42";"2417";"496";"895";"1026"
"1995 week 43";"2455";"503";"891";"1061"
"1995 week 44";"2573";"549";"958";"1066"
"1995 week 45";"2533";"491";"933";"1109"
"1995 week 46";"2691";"544";"978";"1169"
"1995 week 47";"2613";"491";"965";"1157"
"1995 week 48";"2646";"468";"960";"1218"
"1995 week 49";"2826";"527";"1028";"1271"
"1995 week 50";"3098";"560";"1130";"1408"
"1995 week 51";"3291";"569";"1199";"1523"
"1995 week 52";"3436";"585";"1,228";"1623"
"1995 ";"135675";"26183";"47807";"61685"
"1996 week 1";"3546";"603";"1155";"1788"
"1996 week 2";"3257";"557";"1090";"1610"
"1996 week 3";"2970";"507";"994";"1469"
"1996 week 4";"2855";"492";"1023";"1,340"
"1996 week 5";"2992";"505";"1037";"1450"
"1996 week 6";"3089";"510";"1007";"1572"
"1996 week 7";"3046";"533";"1042";"1471"
"1996 week 8";"2887";"464";"959";"1464"
"1996 week 9";"2878";"520";"956";"1402"
"1996 week 10";"2714";"459";"941";"1314"
"1996 week 11";"2807";"522";"926";"1359"
"1996 week 12";"2784";"493";"973";"1318"
"1996 week 13";"2727";"522";"950";"1255"
"1996 week 14";"2765";"491";"962";"1312"
"1996 week 15";"2642";"493";"916";"1233"
"1996 week 16";"2856";"529";"987";"1340"
"1996 week 17";"2703";"489";"944";"1270"
"1996 week 18";"2498";"475";"868";"1155"
"1996 week 19";"2519";"482";"873";"1164"
"1996 week 20";"2598";"525";"925";"1148"
"1996 week 21";"2514";"511";"894";"1109"
"1996 week 22";"2523";"513";"876";"1134"
"1996 week 23";"2752";"521";"868";"1363"
"1996 week 24";"2506";"454";"902";"1150"
"1996 week 25";"2366";"477";"819";"1070"
"1996 week 26";"2376";"482";"863";"1031"
"1996 week 27";"2433";"497";"840";"1096"
"1996 week 28";"2490";"490";"896";"1104"
"1996 week 29";"2467";"515";"876";"1076"
"1996 week 30";"2500";"527";"850";"1123"
"1996 week 31";"2285";"506";"773";"1006"
"1996 week 32";"2449";"475";"922";"1052"
"1996 week 33";"2357";"476";"850";"1031"
"1996 week 34";"2364";"508";"832";"1024"
"1996 week 35";"2273";"472";"839";"962"
"1996 week 36";"2150";"440";"781";"929"
"1996 week 37";"2275";"434";"897";"944"
"1996 week 38";"2523";"502";"899";"1122"
"1996 week 39";"2582";"571";"886";"1125"
"1996 week 40";"2467";"505";"857";"1105"
"1996 week 41";"2417";"487";"930";"1000"
"1996 week 42";"2377";"496";"869";"1012"
"1996 week 43";"2465";"495";"877";"1093"
"1996 week 44";"2404";"525";"832";"1047"
"1996 week 45";"2513";"487";"905";"1121"
"1996 week 46";"2537";"542";"942";"1053"
"1996 week 47";"2636";"546";"976";"1114"
"1996 week 48";"2591";"518";"964";"1109"
"1996 week 49";"2604";"506";"996";"1102"
"1996 week 50";"2708";"531";"970";"1207"
"1996 week 51";"2773";"532";"1006";"1235"
"1996 week 52";"2893";"519";"1063";"1311"
"1996 week 53 (2 dagen)";"858";"157";"307";"394"
"1996";"137561";"26388";"48385";"62788"
"1997 week 1 (5 dagen)";"2268";"386";"740";"1142"
"1997 week 2";"3290";"568";"1064";"1658"
"1997 week 3";"3249";"480";"1085";"1684"
"1997 week 4";"3185";"540";"1083";"1562"
"1997 week 5";"3061";"495";"1054";"1512"
"1997 week 6";"3012";"481";"1028";"1503"
"1997 week 7";"2980";"514";"962";"1504"
"1997 week 8";"2807";"508";"940";"1359"
"1997 week 9";"2792";"520";"943";"1329"
"1997 week 10";"2640";"488";"921";"1231"
"1997 week 11";"2529";"500";"922";"1107"
"1997 week 12";"2467";"467";"909";"1091"
"1997 week 13";"2483";"481";"842";"1160"
"1997 week 14";"2546";"506";"878";"1162"
"1997 week 15";"2451";"472";"884";"1095"
"1997 week 16";"2455";"513";"878";"1064"
"1997 week 17";"2649";"486";"938";"1225"
"1997 week 18";"2646";"525";"895";"1226"
"1997 week 19";"2437";"492";"846";"1099"
"1997 week 20";"2611";"482";"887";"1242"
"1997 week 21";"2483";"483";"855";"1145"
"1997 week 22";"2426";"489";"885";"1052"
"1997 week 23";"2709";"509";"938";"1262"
"1997 week 24";"2555";"515";"881";"1159"
"1997 week 25";"2391";"476";"868";"1047"
"1997 week 26";"2372";"465";"852";"1055"
"1997 week 27";"2409";"467";"856";"1086"
"1997 week 28";"2486";"504";"889";"1093"
"1997 week 29";"2402";"475";"818";"1109"
"1997 week 30";"2369";"479";"821";"1069"
"1997 week 31";"2352";"485";"802";"1065"
"1997 week 32";"2434";"504";"850";"1080"
"1997 week 33";"2943";"526";"984";"1433"
"1997 week 34";"2809";"503";"977";"1329"
"1997 week 35";"2488";"431";"883";"1174"
"1997 week 36";"2307";"455";"839";"1013"
"1997 week 37";"2402";"457";"902";"1043"
"1997 week 38";"2433";"491";"905";"1037"
"1997 week 39";"2360";"455";"887";"1018"
"1997 week 40";"2386";"477";"877";"1032"
"1997 week 41";"2557";"500";"873";"1184"
"1997 week 42";"2441";"493";"864";"1084"
"1997 week 43";"2549";"485";"909";"1155"
"1997 week 44";"2450";"445";"900";"1105"
"1997 week 45";"2530";"508";"875";"1147"
"1997 week 46";"2408";"472";"846";"1090"
"1997 week 47";"2446";"522";"894";"1030"
"1997 week 48";"2663";"543";"910";"1210"
"1997 week 49";"2538";"510";"918";"1110"
"1997 week 50";"2670";"494";"950";"1226"
"1997 week 51";"2738";"537";"963";"1238"
"1997 week 52";"2595";"464";"902";"1229"
"1997 week 53 (3 dagen)";"1124";"192";"413";"519"
"1997";"135783";"25715";"47485";"62583"
"1998 week 1 (4 dagen)";"1551";"270";"531";"750"
"1998 week 2";"2558";"432";"804";"1322"
"1998 week 3";"2418";"451";"811";"1156"
"1998 week 4";"2530";"475";"846";"1209"
"1998 week 5";"2691";"447";"918";"1326"
"1998 week 6";"2615";"452";"918";"1245"
"1998 week 7";"2695";"464";"927";"1304"
"1998 week 8";"2719";"477";"951";"1291"
"1998 week 9";"2627";"533";"889";"1205"
"1998 week 10";"2812";"510";"999";"1303"
"1998 week 11";"2876";"523";"992";"1361"
"1998 week 12";"2991";"514";"1043";"1434"
"1998 week 13";"2984";"513";"1022";"1449"
"1998 week 14";"3107";"540";"1061";"1506"
"1998 week 15";"2910";"512";"1035";"1363"
"1998 week 16";"2900";"519";"1036";"1345"
"1998 week 17";"2768";"442";"980";"1346"
"1998 week 18";"2692";"497";"908";"1287"
"1998 week 19";"2598";"494";"892";"1212"
"1998 week 20";"2826";"491";"977";"1358"
"1998 week 21";"2588";"475";"884";"1229"
"1998 week 22";"2505";"516";"887";"1102"
"1998 week 23";"2368";"450";"828";"1090"
"1998 week 24";"2383";"487";"840";"1056"
"1998 week 25";"2545";"534";"882";"1129"
"1998 week 26";"2456";"461";"862";"1133"
"1998 week 27";"2451";"476";"882";"1093"
"1998 week 28";"2456";"507";"849";"1100"
"1998 week 29";"2408";"475";"872";"1061"
"1998 week 30";"2588";"496";"889";"1203"
"1998 week 31";"2409";"492";"803";"1114"
"1998 week 32";"2450";"472";"840";"1138"
"1998 week 33";"2514";"515";"826";"1173"
"1998 week 34";"2399";"488";"862";"1049"
"1998 week 35";"2343";"503";"816";"1024"
"1998 week 36";"2478";"513";"853";"1112"
"1998 week 37";"2430";"458";"868";"1104"
"1998 week 38";"2496";"520";"906";"1070"
"1998 week 39";"2524";"502";"902";"1120"
"1998 week 40";"2471";"506";"885";"1080"
"1998 week 41";"2484";"464";"863";"1157"
"1998 week 42";"2623";"506";"935";"1182"
"1998 week 43";"2537";"511";"895";"1131"
"1998 week 44";"2453";"523";"862";"1068"
"1998 week 45";"2570";"492";"915";"1163"
"1998 week 46";"2621";"503";"963";"1155"
"1998 week 47";"2697";"538";"968";"1191"
"1998 week 48";"2713";"523";"984";"1206"
"1998 week 49";"2866";"537";"1019";"1310"
"1998 week 50";"3034";"557";"1056";"1421"
"1998 week 51";"3058";"592";"1040";"1426"
"1998 week 52";"2964";"557";"1002";"1405"
"1998 week 53 (4 dagen)";"1732";"326";"587";"819"
"1998";"137482";"26031";"47865";"63586"
"1999 week 1";"3106";"537";"965";"1604"
"1999 week 2";"3005";"529";"981";"1495"
"1999 week 3";"2918";"527";"949";"1442"
"1999 week 4";"2866";"502";"1024";"1340"
"1999 week 5";"2972";"523";"988";"1461"
"1999 week 6";"3105";"509";"1062";"1534"
"1999 week 7";"3123";"507";"1094";"1522"
"1999 week 8";"3134";"495";"1016";"1623"
"1999 week 9";"3241";"516";"1113";"1612"
"1999 week 10";"3078";"529";"1019";"1530"
"1999 week 11";"2797";"511";"949";"1337"
"1999 week 12";"2824";"515";"948";"1361"
"1999 week 13";"2713";"511";"906";"1296"
"1999 week 14";"2671";"460";"930";"1281"
"1999 week 15";"2533";"467";"899";"1167"
"1999 week 16";"2646";"491";"954";"1201"
"1999 week 17";"2636";"514";"926";"1196"
"1999 week 18";"2674";"488";"969";"1217"
"1999 week 19";"2507";"522";"832";"1153"
"1999 week 20";"2589";"530";"881";"1178"
"1999 week 21";"2561";"463";"908";"1190"
"1999 week 22";"2534";"490";"886";"1158"
"1999 week 23";"2575";"522";"900";"1153"
"1999 week 24";"2583";"493";"928";"1162"
"1999 week 25";"2462";"487";"898";"1077"
"1999 week 26";"2630";"552";"911";"1167"
"1999 week 27";"2485";"475";"840";"1170"
"1999 week 28";"2611";"488";"904";"1219"
"1999 week 29";"2548";"464";"879";"1205"
"1999 week 30";"2486";"506";"835";"1145"
"1999 week 31";"2753";"514";"919";"1320"
"1999 week 32";"2452";"509";"824";"1119"
"1999 week 33";"2450";"527";"866";"1057"
"1999 week 34";"2571";"566";"873";"1132"
"1999 week 35";"2459";"486";"871";"1102"
"1999 week 36";"2501";"503";"883";"1115"
"1999 week 37";"2527";"512";"847";"1168"
"1999 week 38";"2497";"496";"880";"1121"
"1999 week 39";"2458";"536";"909";"1013"
"1999 week 40";"2335";"479";"845";"1011"
"1999 week 41";"2403";"479";"873";"1051"
"1999 week 42";"2631";"537";"963";"1131"
"1999 week 43";"2663";"497";"942";"1224"
"1999 week 44";"2565";"518";"924";"1123"
"1999 week 45";"2583";"498";"936";"1149"
"1999 week 46";"2571";"523";"938";"1110"
"1999 week 47";"2631";"523";"924";"1184"
"1999 week 48";"2618";"511";"953";"1154"
"1999 week 49";"2791";"536";"958";"1297"
"1999 week 50";"2885";"554";"1022";"1309"
"1999 week 51";"2974";"519";"1064";"1391"
"1999 week 52 (5 dagen)";"2306";"408";"811";"1087"
"1999";"140487";"26557";"48729";"65201"
"2000 week 1";"3564";"543";"1071";"1950"
"2000 week 2";"3438";"512";"1109";"1817"
"2000 week 3";"3307";"563";"994";"1750"
"2000 week 4";"3203";"555";"1038";"1610"
"2000 week 5";"2967";"496";"971";"1500"
"2000 week 6";"2835";"479";"922";"1434"
"2000 week 7";"2773";"481";"960";"1332"
"2000 week 8";"2869";"521";"924";"1424"
"2000 week 9";"2673";"489";"891";"1293"
"2000 week 10";"2690";"495";"894";"1301"
"2000 week 11";"2673";"496";"887";"1290"
"2000 week 12";"2533";"505";"837";"1191"
"2000 week 13";"2554";"511";"851";"1192"
"2000 week 14";"2690";"505";"879";"1306"
"2000 week 15";"2687";"507";"913";"1267"
"2000 week 16";"2705";"501";"882";"1322"
"2000 week 17";"2647";"488";"902";"1257"
"2000 week 18";"2554";"490";"869";"1195"
"2000 week 19";"2744";"530";"909";"1305"
"2000 week 20";"2698";"488";"888";"1322"
"2000 week 21";"2455";"481";"858";"1116"
"2000 week 22";"2513";"472";"864";"1177"
"2000 week 23";"2484";"484";"845";"1155"
"2000 week 24";"2452";"480";"821";"1151"
"2000 week 25";"2969";"598";"955";"1416"
"2000 week 26";"2632";"522";"888";"1222"
"2000 week 27";"2572";"472";"913";"1187"
"2000 week 28";"2469";"535";"870";"1064"
"2000 week 29";"2456";"493";"836";"1127"
"2000 week 30";"2505";"466";"928";"1111"
"2000 week 31";"2532";"541";"828";"1163"
"2000 week 32";"2488";"510";"825";"1153"
"2000 week 33";"2539";"474";"880";"1185"
"2000 week 34";"2416";"503";"812";"1101"
"2000 week 35";"2391";"511";"836";"1044"
"2000 week 36";"2506";"512";"853";"1141"
"2000 week 37";"2517";"522";"844";"1151"
"2000 week 38";"2501";"533";"884";"1084"
"2000 week 39";"2479";"466";"879";"1134"
"2000 week 40";"2578";"540";"892";"1146"
"2000 week 41";"2539";"505";"916";"1118"
"2000 week 42";"2571";"520";"894";"1157"
"2000 week 43";"2734";"560";"973";"1201"
"2000 week 44";"2652";"528";"944";"1180"
"2000 week 45";"2572";"511";"889";"1172"
"2000 week 46";"2644";"529";"918";"1197"
"2000 week 47";"2689";"527";"920";"1242"
"2000 week 48";"2773";"530";"995";"1248"
"2000 week 49";"2618";"468";"959";"1191"
"2000 week 50";"2737";"515";"978";"1244"
"2000 week 51";"2855";"547";"991";"1317"
"2000 week 52";"2929";"533";"1011";"1385"
"2000";"140527";"26711";"47591";"66225"
"2001 week 1";"3051";"514";"987";"1550"
"2001 week 2";"2852";"518";"889";"1445"
"2001 week 3";"2907";"525";"896";"1486"
"2001 week 4";"3031";"537";"978";"1516"
"2001 week 5";"2928";"512";"977";"1439"
"2001 week 6";"2861";"486";"964";"1411"
"2001 week 7";"2761";"520";"918";"1323"
"2001 week 8";"2685";"475";"892";"1318"
"2001 week 9";"2749";"507";"928";"1314"
"2001 week 10";"2896";"513";"998";"1385"
"2001 week 11";"2812";"519";"968";"1325"
"2001 week 12";"2837";"541";"888";"1408"
"2001 week 13";"2774";"535";"905";"1334"
"2001 week 14";"2794";"507";"937";"1350"
"2001 week 15";"2752";"481";"905";"1366"
"2001 week 16";"2590";"498";"873";"1219"
"2001 week 17";"2712";"526";"908";"1278"
"2001 week 18";"2685";"495";"915";"1275"
"2001 week 19";"2739";"509";"893";"1337"
"2001 week 20";"2759";"542";"902";"1315"
"2001 week 21";"2674";"511";"901";"1262"
"2001 week 22";"2722";"488";"931";"1303"
"2001 week 23";"2581";"475";"880";"1226"
"2001 week 24";"2721";"509";"914";"1298"
"2001 week 25";"2585";"508";"871";"1206"
"2001 week 26";"2683";"483";"913";"1287"
"2001 week 27";"2751";"466";"909";"1376"
"2001 week 28";"2475";"447";"819";"1209"
"2001 week 29";"2405";"473";"774";"1158"
"2001 week 30";"2519";"519";"848";"1152"
"2001 week 31";"2438";"502";"837";"1099"
"2001 week 32";"2450";"507";"808";"1135"
"2001 week 33";"2511";"520";"801";"1190"
"2001 week 34";"2648";"496";"914";"1238"
"2001 week 35";"2441";"476";"795";"1170"
"2001 week 36";"2482";"534";"806";"1142"
"2001 week 37";"2403";"473";"808";"1122"
"2001 week 38";"2577";"538";"880";"1159"
"2001 week 39";"2588";"555";"879";"1154"
"2001 week 40";"2607";"509";"868";"1230"
"2001 week 41";"2567";"479";"926";"1162"
"2001 week 42";"2701";"534";"969";"1198"
"2001 week 43";"2568";"553";"821";"1194"
"2001 week 44";"2519";"507";"837";"1175"
"2001 week 45";"2535";"474";"862";"1199"
"2001 week 46";"2674";"520";"928";"1226"
"2001 week 47";"2749";"549";"963";"1237"
"2001 week 48";"2757";"544";"980";"1233"
"2001 week 49";"2768";"537";"976";"1255"
"2001 week 50";"2797";"551";"968";"1278"
"2001 week 51";"2982";"563";"1063";"1356"
"2001 week 52";"2900";"532";"944";"1424"
"2001 week 53 (1 dag)";"424";"75";"155";"194"
"2001";"140377";"26667";"47069";"66641"
"2002 week 1 (6 dagen)";"2522";"440";"800";"1282"
"2002 week 2";"3145";"531";"1001";"1613"
"2002 week 3";"3032";"499";"989";"1544"
"2002 week 4";"3079";"554";"944";"1581"
"2002 week 5";"2938";"524";"913";"1501"
"2002 week 6";"2859";"520";"912";"1427"
"2002 week 7";"2778";"505";"884";"1389"
"2002 week 8";"2957";"523";"930";"1504"
"2002 week 9";"3231";"533";"1112";"1586"
"2002 week 10";"3015";"500";"999";"1516"
"2002 week 11";"3088";"532";"956";"1600"
"2002 week 12";"2938";"555";"917";"1466"
"2002 week 13";"2903";"514";"951";"1438"
"2002 week 14";"2795";"466";"910";"1419"
"2002 week 15";"2874";"557";"972";"1345"
"2002 week 16";"2778";"507";"900";"1371"
"2002 week 17";"2780";"504";"931";"1345"
"2002 week 18";"2638";"511";"862";"1265"
"2002 week 19";"2590";"493";"841";"1256"
"2002 week 20";"2620";"494";"897";"1229"
"2002 week 21";"2555";"481";"866";"1208"
"2002 week 22";"2641";"492";"879";"1270"
"2002 week 23";"2658";"505";"849";"1304"
"2002 week 24";"2525";"469";"883";"1173"
"2002 week 25";"2665";"527";"871";"1267"
"2002 week 26";"2556";"551";"824";"1181"
"2002 week 27";"2568";"498";"873";"1197"
"2002 week 28";"2548";"504";"867";"1177"
"2002 week 29";"2500";"510";"797";"1193"
"2002 week 30";"2612";"513";"855";"1244"
"2002 week 31";"2792";"494";"879";"1419"
"2002 week 32";"2461";"474";"807";"1180"
"2002 week 33";"2497";"530";"762";"1205"
"2002 week 34";"2624";"486";"882";"1256"
"2002 week 35";"2362";"504";"761";"1097"
"2002 week 36";"2469";"495";"832";"1142"
"2002 week 37";"2456";"517";"824";"1115"
"2002 week 38";"2372";"487";"800";"1085"
"2002 week 39";"2434";"487";"839";"1108"
"2002 week 40";"2557";"544";"840";"1173"
"2002 week 41";"2518";"498";"867";"1153"
"2002 week 42";"2606";"490";"878";"1238"
"2002 week 43";"2712";"555";"900";"1257"
"2002 week 44";"2681";"532";"914";"1235"
"2002 week 45";"2666";"537";"883";"1246"
"2002 week 46";"2637";"535";"897";"1205"
"2002 week 47";"2720";"551";"915";"1254"
"2002 week 48";"2696";"552";"888";"1256"
"2002 week 49";"2676";"492";"935";"1249"
"2002 week 50";"3011";"575";"990";"1446"
"2002 week 51";"3023";"550";"984";"1489"
"2002 week 52";"3127";"545";"1051";"1531"
"2002 week 53 (2 dagen)";"870";"158";"287";"425"
"2002";"142355";"26900";"46800";"68655"
"2003 week 1 (5 dagen)";"2141";"382";"638";"1121"
"2003 week 2";"2987";"531";"928";"1528"
"2003 week 3";"2981";"508";"875";"1598"
"2003 week 4";"2963";"532";"905";"1526"
"2003 week 5";"2821";"477";"902";"1442"
"2003 week 6";"2745";"470";"924";"1351"
"2003 week 7";"2736";"477";"951";"1308"
"2003 week 8";"2923";"510";"933";"1480"
"2003 week 9";"3021";"539";"945";"1537"
"2003 week 10";"2991";"509";"970";"1512"
"2003 week 11";"2983";"549";"935";"1499"
"2003 week 12";"2898";"506";"878";"1514"
"2003 week 13";"2914";"531";"935";"1448"
"2003 week 14";"2948";"552";"940";"1456"
"2003 week 15";"2730";"485";"894";"1351"
"2003 week 16";"2924";"549";"882";"1493"
"2003 week 17";"2844";"560";"886";"1398"
"2003 week 18";"2577";"493";"795";"1289"
"2003 week 19";"2554";"496";"789";"1269"
"2003 week 20";"2560";"462";"801";"1297"
"2003 week 21";"2590";"500";"854";"1236"
"2003 week 22";"2610";"496";"811";"1303"
"2003 week 23";"2853";"551";"881";"1421"
"2003 week 24";"2487";"461";"799";"1227"
"2003 week 25";"2464";"499";"813";"1152"
"2003 week 26";"2541";"551";"767";"1223"
"2003 week 27";"2392";"470";"799";"1123"
"2003 week 28";"2436";"494";"785";"1157"
"2003 week 29";"2721";"509";"902";"1310"
"2003 week 30";"2553";"485";"813";"1255"
"2003 week 31";"2556";"496";"844";"1216"
"2003 week 32";"2773";"518";"859";"1396"
"2003 week 33";"2866";"537";"917";"1412"
"2003 week 34";"2496";"483";"788";"1225"
"2003 week 35";"2398";"494";"790";"1114"
"2003 week 36";"2487";"507";"831";"1149"
"2003 week 37";"2457";"530";"801";"1126"
"2003 week 38";"2661";"551";"850";"1260"
"2003 week 39";"2631";"535";"890";"1206"
"2003 week 40";"2531";"542";"787";"1202"
"2003 week 41";"2484";"518";"812";"1154"
"2003 week 42";"2586";"508";"867";"1211"
"2003 week 43";"2599";"525";"844";"1230"
"2003 week 44";"2743";"506";"863";"1374"
"2003 week 45";"2636";"484";"891";"1261"
"2003 week 46";"2581";"503";"871";"1207"
"2003 week 47";"2639";"520";"868";"1251"
"2003 week 48";"2643";"506";"835";"1302"
"2003 week 49";"2636";"524";"877";"1235"
"2003 week 50";"2898";"580";"950";"1368"
"2003 week 51";"3112";"561";"1016";"1535"
"2003 week 52";"3201";"535";"1024";"1642"
"2003 week 53 (3 dagen)";"1434";"266";"458";"710"
"2003";"141936";"26863";"45463";"69610"
"2004 week 1 (4 dagen)";"1899";"276";"596";"1027"
"2004 week 2";"3333";"508";"1007";"1818"
"2004 week 3";"3055";"508";"918";"1629"
"2004 week 4";"2921";"548";"869";"1504"
"2004 week 5";"2907";"496";"916";"1495"
"2004 week 6";"2751";"541";"786";"1424"
"2004 week 7";"2692";"492";"794";"1406"
"2004 week 8";"2746";"521";"849";"1376"
"2004 week 9";"2722";"473";"889";"1360"
"2004 week 10";"2720";"489";"867";"1364"
"2004 week 11";"2649";"475";"825";"1349"
"2004 week 12";"2740";"467";"887";"1386"
"2004 week 13";"2639";"506";"832";"1301"
"2004 week 14";"2743";"502";"875";"1366"
"2004 week 15";"2560";"481";"792";"1287"
"2004 week 16";"2648";"521";"826";"1301"
"2004 week 17";"2541";"485";"803";"1253"
"2004 week 18";"2548";"473";"831";"1244"
"2004 week 19";"2455";"471";"798";"1186"
"2004 week 20";"2563";"475";"826";"1262"
"2004 week 21";"2500";"504";"802";"1194"
"2004 week 22";"2509";"503";"817";"1189"
"2004 week 23";"2485";"466";"782";"1237"
"2004 week 24";"2680";"503";"893";"1284"
"2004 week 25";"2403";"433";"785";"1185"
"2004 week 26";"2442";"500";"800";"1142"
"2004 week 27";"2454";"478";"811";"1165"
"2004 week 28";"2493";"498";"799";"1196"
"2004 week 29";"2399";"491";"769";"1139"
"2004 week 30";"2372";"478";"750";"1144"
"2004 week 31";"2449";"508";"818";"1123"
"2004 week 32";"2642";"530";"825";"1287"
"2004 week 33";"2679";"491";"799";"1389"
"2004 week 34";"2414";"473";"748";"1193"
"2004 week 35";"2429";"515";"753";"1161"
"2004 week 36";"2414";"476";"785";"1153"
"2004 week 37";"2459";"513";"798";"1148"
"2004 week 38";"2405";"483";"769";"1153"
"2004 week 39";"2434";"526";"781";"1127"
"2004 week 40";"2558";"513";"840";"1205"
"2004 week 41";"2438";"481";"762";"1195"
"2004 week 42";"2497";"505";"820";"1172"
"2004 week 43";"2529";"516";"802";"1211"
"2004 week 44";"2578";"517";"847";"1214"
"2004 week 45";"2517";"493";"816";"1208"
"2004 week 46";"2537";"518";"830";"1189"
"2004 week 47";"2575";"520";"860";"1195"
"2004 week 48";"2567";"506";"841";"1220"
"2004 week 49";"2619";"484";"842";"1293"
"2004 week 50";"2607";"522";"837";"1248"
"2004 week 51";"2734";"533";"847";"1354"
"2004 week 52";"2836";"516";"923";"1397"
"2004 week 53 (5 dagen)";"2067";"353";"668";"1046"
"2004";"136553";"26054";"43405";"67094"
"2005 week 1";"2871";"462";"876";"1533"
"2005 week 2";"2808";"477";"870";"1461"
"2005 week 3";"2845";"510";"868";"1467"
"2005 week 4";"2813";"474";"853";"1486"
"2005 week 5";"2906";"550";"894";"1462"
"2005 week 6";"3001";"519";"953";"1529"
"2005 week 7";"3094";"537";"949";"1608"
"2005 week 8";"3197";"533";"908";"1756"
"2005 week 9";"3351";"526";"994";"1831"
"2005 week 10";"3277";"527";"919";"1831"
"2005 week 11";"3089";"487";"922";"1680"
"2005 week 12";"2961";"495";"866";"1600"
"2005 week 13";"2765";"517";"839";"1409"
"2005 week 14";"2670";"471";"807";"1392"
"2005 week 15";"2615";"492";"787";"1336"
"2005 week 16";"2566";"501";"777";"1288"
"2005 week 17";"2530";"446";"775";"1309"
"2005 week 18";"2564";"491";"766";"1307"
"2005 week 19";"2572";"476";"877";"1219"
"2005 week 20";"2574";"469";"818";"1287"
"2005 week 21";"2662";"492";"856";"1314"
"2005 week 22";"2460";"469";"777";"1214"
"2005 week 23";"2377";"480";"746";"1151"
"2005 week 24";"2539";"496";"850";"1193"
"2005 week 25";"2782";"507";"873";"1402"
"2005 week 26";"2509";"459";"813";"1237"
"2005 week 27";"2302";"481";"721";"1100"
"2005 week 28";"2382";"465";"756";"1161"
"2005 week 29";"2326";"443";"733";"1150"
"2005 week 30";"2318";"456";"772";"1090"
"2005 week 31";"2314";"479";"787";"1048"
"2005 week 32";"2244";"437";"749";"1058"
"2005 week 33";"2394";"495";"771";"1128"
"2005 week 34";"2361";"496";"753";"1112"
"2005 week 35";"2423";"539";"754";"1130"
"2005 week 36";"2392";"467";"744";"1181"
"2005 week 37";"2323";"437";"800";"1086"
"2005 week 38";"2219";"461";"704";"1054"
"2005 week 39";"2342";"451";"767";"1124"
"2005 week 40";"2397";"445";"795";"1157"
"2005 week 41";"2416";"460";"770";"1186"
"2005 week 42";"2524";"494";"813";"1217"
"2005 week 43";"2499";"464";"845";"1190"
"2005 week 44";"2322";"471";"774";"1077"
"2005 week 45";"2417";"450";"782";"1185"
"2005 week 46";"2489";"469";"827";"1193"
"2005 week 47";"2692";"564";"828";"1300"
"2005 week 48";"2669";"482";"874";"1313"
"2005 week 49";"2705";"493";"859";"1353"
"2005 week 50";"2714";"517";"864";"1333"
"2005 week 51";"2676";"474";"858";"1344"
"2005 week 52 (6 dagen)";"2348";"412";"760";"1176"
"2005";"136402";"25306";"42916";"68180"
"2006 week 1";"2746";"472";"814";"1460"
"2006 week 2";"2834";"507";"811";"1516"
"2006 week 3";"2770";"487";"846";"1437"
"2006 week 4";"2747";"479";"802";"1466"
"2006 week 5";"2838";"521";"815";"1502"
"2006 week 6";"2819";"489";"866";"1464"
"2006 week 7";"2841";"488";"814";"1539"
"2006 week 8";"2856";"519";"861";"1476"
"2006 week 9";"2880";"501";"864";"1515"
"2006 week 10";"2920";"498";"819";"1603"
"2006 week 11";"2762";"455";"853";"1454"
"2006 week 12";"2920";"503";"860";"1557"
"2006 week 13";"2867";"486";"830";"1551"
"2006 week 14";"2646";"446";"831";"1369"
"2006 week 15";"2743";"463";"834";"1446"
"2006 week 16";"2684";"514";"834";"1336"
"2006 week 17";"2576";"492";"778";"1306"
"2006 week 18";"2559";"454";"806";"1299"
"2006 week 19";"2591";"487";"818";"1286"
"2006 week 20";"2450";"467";"721";"1262"
"2006 week 21";"2349";"440";"730";"1179"
"2006 week 22";"2404";"455";"767";"1182"
"2006 week 23";"2511";"492";"748";"1271"
"2006 week 24";"2682";"499";"798";"1385"
"2006 week 25";"2526";"461";"797";"1268"
"2006 week 26";"2390";"474";"750";"1166"
"2006 week 27";"2722";"501";"822";"1399"
"2006 week 28";"2508";"493";"778";"1237"
"2006 week 29";"2829";"495";"796";"1538"
"2006 week 30";"3046";"487";"889";"1670"
"2006 week 31";"2352";"419";"687";"1246"
"2006 week 32";"2332";"443";"753";"1136"
"2006 week 33";"2342";"477";"706";"1159"
"2006 week 34";"2396";"491";"782";"1123"
"2006 week 35";"2375";"450";"767";"1158"
"2006 week 36";"2379";"458";"775";"1146"
"2006 week 37";"2633";"498";"826";"1309"
"2006 week 38";"2382";"448";"741";"1193"
"2006 week 39";"2292";"459";"701";"1132"
"2006 week 40";"2278";"471";"731";"1076"
"2006 week 41";"2301";"469";"734";"1098"
"2006 week 42";"2394";"459";"792";"1143"
"2006 week 43";"2407";"486";"768";"1153"
"2006 week 44";"2370";"458";"742";"1170"
"2006 week 45";"2555";"466";"865";"1224"
"2006 week 46";"2559";"488";"796";"1275"
"2006 week 47";"2550";"516";"800";"1234"
"2006 week 48";"2592";"486";"844";"1262"
"2006 week 49";"2542";"477";"832";"1233"
"2006 week 50";"2564";"511";"833";"1220"
"2006 week 51";"2726";"504";"843";"1379"
"2006 week 52";"2683";"462";"842";"1379"
"2006";"135372";"24978";"41630";"68764"
"2007 week 1";"2802";"496";"819";"1487"
"2007 week 2";"2837";"482";"869";"1486"
"2007 week 3";"2694";"487";"796";"1411"
"2007 week 4";"2680";"496";"796";"1388"
"2007 week 5";"2717";"471";"796";"1450"
"2007 week 6";"2718";"475";"833";"1410"
"2007 week 7";"2716";"481";"829";"1406"
"2007 week 8";"2706";"458";"794";"1454"
"2007 week 9";"2829";"465";"890";"1474"
"2007 week 10";"2828";"457";"855";"1516"
"2007 week 11";"2650";"475";"768";"1407"
"2007 week 12";"2642";"453";"806";"1383"
"2007 week 13";"2662";"462";"815";"1385"
"2007 week 14";"2528";"468";"745";"1315"
"2007 week 15";"2615";"455";"864";"1296"
"2007 week 16";"2547";"469";"747";"1331"
"2007 week 17";"2619";"477";"805";"1337"
"2007 week 18";"2493";"462";"715";"1316"
"2007 week 19";"2494";"411";"783";"1300"
"2007 week 20";"2360";"465";"724";"1171"
"2007 week 21";"2442";"476";"761";"1205"
"2007 week 22";"2381";"470";"709";"1202"
"2007 week 23";"2577";"456";"807";"1314"
"2007 week 24";"2422";"441";"744";"1237"
"2007 week 25";"2392";"456";"735";"1201"
"2007 week 26";"2366";"464";"732";"1170"
"2007 week 27";"2434";"446";"817";"1171"
"2007 week 28";"2412";"436";"737";"1239"
"2007 week 29";"2288";"425";"700";"1163"
"2007 week 30";"2354";"477";"757";"1120"
"2007 week 31";"2367";"429";"740";"1198"
"2007 week 32";"2464";"461";"761";"1242"
"2007 week 33";"2288";"447";"708";"1133"
"2007 week 34";"2371";"484";"712";"1175"
"2007 week 35";"2228";"460";"687";"1081"
"2007 week 36";"2323";"480";"697";"1146"
"2007 week 37";"2369";"451";"745";"1173"
"2007 week 38";"2276";"455";"733";"1088"
"2007 week 39";"2316";"451";"701";"1164"
"2007 week 40";"2378";"437";"761";"1180"
"2007 week 41";"2488";"466";"823";"1199"
"2007 week 42";"2531";"462";"840";"1229"
"2007 week 43";"2508";"466";"765";"1277"
"2007 week 44";"2599";"470";"807";"1322"
"2007 week 45";"2567";"497";"806";"1264"
"2007 week 46";"2587";"516";"781";"1290"
"2007 week 47";"2663";"483";"841";"1339"
"2007 week 48";"2804";"501";"891";"1412"
"2007 week 49";"2748";"503";"799";"1446"
"2007 week 50";"2722";"491";"826";"1405"
"2007 week 51";"2839";"534";"862";"1443"
"2007 week 52";"2964";"522";"873";"1569"
"2007 week 53 (1 dag)";"417";"69";"120";"228"
"2007";"133022";"24447";"40827";"67748"
"2008 week 1 (6 dagen)";"2532";"402";"708";"1422"
"2008 week 2";"3045";"523";"820";"1702"
"2008 week 3";"2928";"493";"802";"1633"
"2008 week 4";"2773";"524";"802";"1447"
"2008 week 5";"2733";"477";"758";"1498"
"2008 week 6";"2676";"475";"750";"1451"
"2008 week 7";"2703";"476";"811";"1416"
"2008 week 8";"2821";"494";"804";"1523"
"2008 week 9";"2775";"462";"772";"1541"
"2008 week 10";"2840";"498";"779";"1563"
"2008 week 11";"2718";"499";"759";"1460"
"2008 week 12";"2664";"478";"801";"1385"
"2008 week 13";"2700";"458";"771";"1471"
"2008 week 14";"2712";"473";"766";"1473"
"2008 week 15";"2643";"446";"793";"1404"
"2008 week 16";"2675";"472";"784";"1419"
"2008 week 17";"2585";"455";"723";"1407"
"2008 week 18";"2566";"468";"770";"1328"
"2008 week 19";"2718";"493";"796";"1429"
"2008 week 20";"2555";"447";"754";"1354"
"2008 week 21";"2544";"464";"722";"1358"
"2008 week 22";"2457";"457";"734";"1266"
"2008 week 23";"2394";"455";"713";"1226"
"2008 week 24";"2462";"468";"717";"1277"
"2008 week 25";"2391";"463";"718";"1210"
"2008 week 26";"2514";"484";"760";"1270"
"2008 week 27";"2507";"429";"793";"1285"
"2008 week 28";"2348";"428";"713";"1207"
"2008 week 29";"2413";"485";"709";"1219"
"2008 week 30";"2368";"431";"725";"1212"
"2008 week 31";"2572";"487";"776";"1309"
"2008 week 32";"2419";"490";"690";"1239"
"2008 week 33";"2312";"472";"698";"1142"
"2008 week 34";"2351";"498";"710";"1143"
"2008 week 35";"2320";"396";"749";"1175"
"2008 week 36";"2349";"421";"743";"1185"
"2008 week 37";"2350";"465";"768";"1117"
"2008 week 38";"2415";"483";"725";"1207"
"2008 week 39";"2363";"452";"743";"1168"
"2008 week 40";"2555";"465";"825";"1265"
"2008 week 41";"2383";"471";"732";"1180"
"2008 week 42";"2409";"495";"723";"1191"
"2008 week 43";"2460";"469";"740";"1251"
"2008 week 44";"2601";"475";"817";"1309"
"2008 week 45";"2504";"470";"784";"1250"
"2008 week 46";"2517";"477";"766";"1274"
"2008 week 47";"2507";"491";"761";"1255"
"2008 week 48";"2622";"541";"827";"1254"
"2008 week 49";"2693";"462";"811";"1420"
"2008 week 50";"2781";"498";"842";"1441"
"2008 week 51";"2812";"508";"862";"1442"
"2008 week 52";"2815";"505";"906";"1404"
"2008 week 53 (3 dagen)";"1266";"234";"363";"669"
"2008";"135136";"24802";"40188";"70146"
"2009 week 1 (4 dagen)";"1828";"280";"507";"1041"
"2009 week 2";"3215";"516";"935";"1764"
"2009 week 3";"3408";"533";"956";"1919"
"2009 week 4";"3218";"484";"904";"1830"
"2009 week 5";"3161";"516";"857";"1788"
"2009 week 6";"3165";"487";"877";"1801"
"2009 week 7";"2877";"448";"858";"1571"
"2009 week 8";"2854";"476";"791";"1587"
"2009 week 9";"2713";"459";"795";"1459"
"2009 week 10";"2599";"428";"767";"1404"
"2009 week 11";"2621";"469";"731";"1421"
"2009 week 12";"2619";"486";"781";"1352"
"2009 week 13";"2575";"475";"728";"1372"
"2009 week 14";"2639";"485";"794";"1360"
"2009 week 15";"2621";"439";"773";"1409"
"2009 week 16";"2617";"483";"751";"1383"
"2009 week 17";"2429";"422";"707";"1300"
"2009 week 18";"2369";"424";"688";"1257"
"2009 week 19";"2371";"447";"690";"1234"
"2009 week 20";"2450";"438";"738";"1274"
"2009 week 21";"2421";"432";"729";"1260"
"2009 week 22";"2434";"454";"758";"1222"
"2009 week 23";"2391";"442";"701";"1248"
"2009 week 24";"2446";"443";"762";"1241"
"2009 week 25";"2372";"476";"718";"1178"
"2009 week 26";"2331";"459";"695";"1177"
"2009 week 27";"2494";"472";"734";"1288"
"2009 week 28";"2378";"470";"690";"1218"
"2009 week 29";"2437";"496";"716";"1225"
"2009 week 30";"2302";"461";"674";"1167"
"2009 week 31";"2356";"466";"722";"1168"
"2009 week 32";"2348";"444";"723";"1181"
"2009 week 33";"2247";"455";"680";"1112"
"2009 week 34";"2346";"445";"698";"1203"
"2009 week 35";"2303";"483";"681";"1139"
"2009 week 36";"2300";"454";"691";"1155"
"2009 week 37";"2426";"440";"778";"1208"
"2009 week 38";"2390";"472";"742";"1176"
"2009 week 39";"2404";"468";"756";"1180"
"2009 week 40";"2393";"477";"716";"1200"
"2009 week 41";"2541";"480";"793";"1268"
"2009 week 42";"2478";"477";"780";"1221"
"2009 week 43";"2602";"496";"794";"1312"
"2009 week 44";"2565";"470";"840";"1255"
"2009 week 45";"2532";"499";"764";"1269"
"2009 week 46";"2568";"484";"798";"1286"
"2009 week 47";"2497";"463";"739";"1295"
"2009 week 48";"2436";"468";"765";"1203"
"2009 week 49";"2509";"513";"755";"1241"
"2009 week 50";"2489";"457";"790";"1242"
"2009 week 51";"2768";"511";"859";"1398"
"2009 week 52";"2811";"480";"850";"1481"
"2009 week 53 (4 dagen)";"1571";"272";"478";"821"
"2009";"134235";"24474";"39997";"69764"
"2010 week 1";"2767";"441";"763";"1563"
"2010 week 2";"2830";"466";"792";"1572"
"2010 week 3";"2846";"481";"803";"1562"
"2010 week 4";"2865";"493";"769";"1603"
"2010 week 5";"2858";"490";"827";"1541"
"2010 week 6";"2831";"467";"814";"1550"
"2010 week 7";"2900";"484";"805";"1611"
"2010 week 8";"2929";"484";"836";"1609"
"2010 week 9";"2757";"473";"792";"1492"
"2010 week 10";"2760";"483";"812";"1465"
"2010 week 11";"2686";"457";"767";"1462"
"2010 week 12";"2687";"456";"815";"1416"
"2010 week 13";"2586";"440";"755";"1391"
"2010 week 14";"2472";"428";"716";"1328"
"2010 week 15";"2583";"446";"775";"1362"
"2010 week 16";"2581";"478";"792";"1311"
"2010 week 17";"2570";"450";"772";"1348"
"2010 week 18";"2536";"452";"755";"1329"
"2010 week 19";"2687";"536";"752";"1399"
"2010 week 20";"2525";"454";"750";"1321"
"2010 week 21";"2485";"466";"741";"1278"
"2010 week 22";"2567";"460";"818";"1289"
"2010 week 23";"2502";"444";"774";"1284"
"2010 week 24";"2372";"451";"737";"1184"
"2010 week 25";"2535";"469";"769";"1297"
"2010 week 26";"2580";"452";"735";"1393"
"2010 week 27";"2653";"486";"768";"1399"
"2010 week 28";"2499";"433";"734";"1332"
"2010 week 29";"2443";"428";"719";"1296"
"2010 week 30";"2314";"436";"724";"1154"
"2010 week 31";"2289";"440";"696";"1153"
"2010 week 32";"2381";"442";"749";"1190"
"2010 week 33";"2464";"491";"756";"1217"
"2010 week 34";"2277";"400";"733";"1144"
"2010 week 35";"2416";"433";"764";"1219"
"2010 week 36";"2433";"456";"725";"1252"
"2010 week 37";"2523";"472";"754";"1297"
"2010 week 38";"2594";"478";"789";"1327"
"2010 week 39";"2498";"487";"786";"1225"
"2010 week 40";"2598";"477";"797";"1324"
"2010 week 41";"2543";"494";"759";"1290"
"2010 week 42";"2555";"494";"762";"1299"
"2010 week 43";"2609";"465";"797";"1347"
"2010 week 44";"2559";"523";"775";"1261"
"2010 week 45";"2542";"466";"759";"1317"
"2010 week 46";"2519";"446";"771";"1302"
"2010 week 47";"2542";"466";"765";"1311"
"2010 week 48";"2736";"474";"814";"1448"
"2010 week 49";"2832";"518";"840";"1474"
"2010 week 50";"2873";"476";"880";"1517"
"2010 week 51";"2830";"498";"833";"1499"
"2010 week 52 (5 dagen)";"2060";"357";"631";"1072"
"2010";"136058";"24339";"40449";"71270"
"2011 week 1";"2917";"472";"813";"1632"
"2011 week 2";"2819";"478";"781";"1560"
"2011 week 3";"2624";"443";"764";"1417"
"2011 week 4";"2620";"465";"749";"1406"
"2011 week 5";"2728";"435";"801";"1492"
"2011 week 6";"2675";"450";"789";"1436"
"2011 week 7";"2621";"448";"767";"1406"
"2011 week 8";"2651";"454";"794";"1403"
"2011 week 9";"2686";"453";"785";"1448"
"2011 week 10";"2714";"447";"782";"1485"
"2011 week 11";"2727";"431";"777";"1519"
"2011 week 12";"2686";"463";"806";"1417"
"2011 week 13";"2739";"467";"783";"1489"
"2011 week 14";"2592";"424";"767";"1401"
"2011 week 15";"2652";"460";"769";"1423"
"2011 week 16";"2694";"419";"814";"1461"
"2011 week 17";"2591";"411";"740";"1440"
"2011 week 18";"2543";"445";"723";"1375"
"2011 week 19";"2606";"460";"767";"1379"
"2011 week 20";"2551";"464";"770";"1317"
"2011 week 21";"2542";"433";"773";"1336"
"2011 week 22";"2477";"424";"725";"1328"
"2011 week 23";"2479";"473";"754";"1252"
"2011 week 24";"2489";"417";"778";"1294"
"2011 week 25";"2413";"455";"714";"1244"
"2011 week 26";"2535";"478";"757";"1300"
"2011 week 27";"2625";"513";"772";"1340"
"2011 week 28";"2513";"454";"729";"1330"
"2011 week 29";"2361";"461";"695";"1205"
"2011 week 30";"2431";"434";"747";"1250"
"2011 week 31";"2486";"425";"802";"1259"
"2011 week 32";"2356";"415";"693";"1248"
"2011 week 33";"2415";"454";"757";"1204"
"2011 week 34";"2381";"429";"703";"1249"
"2011 week 35";"2458";"452";"746";"1260"
"2011 week 36";"2520";"451";"707";"1362"
"2011 week 37";"2380";"410";"725";"1245"
"2011 week 38";"2447";"463";"723";"1261"
"2011 week 39";"2593";"441";"789";"1363"
"2011 week 40";"2474";"419";"750";"1305"
"2011 week 41";"2537";"453";"790";"1294"
"2011 week 42";"2551";"406";"796";"1349"
"2011 week 43";"2658";"447";"797";"1414"
"2011 week 44";"2653";"512";"746";"1395"
"2011 week 45";"2567";"472";"786";"1309"
"2011 week 46";"2691";"494";"812";"1385"
"2011 week 47";"2740";"483";"790";"1467"
"2011 week 48";"2782";"482";"817";"1483"
"2011 week 49";"2786";"462";"865";"1459"
"2011 week 50";"2915";"509";"808";"1598"
"2011 week 51";"2813";"450";"837";"1526"
"2011 week 52 (6 dagen)";"2413";"421";"684";"1308"
"2011";"135741";"23611";"40131";"71999"
"2012 week 1";"2930";"423";"852";"1655"
"2012 week 2";"2773";"468";"770";"1535"
"2012 week 3";"2785";"439";"766";"1580"
"2012 week 4";"2789";"407";"766";"1616"
"2012 week 5";"2815";"398";"801";"1616"
"2012 week 6";"3034";"470";"833";"1731"
"2012 week 7";"3089";"469";"834";"1786"
"2012 week 8";"3035";"430";"849";"1756"
"2012 week 9";"3061";"476";"825";"1760"
"2012 week 10";"2951";"495";"802";"1654"
"2012 week 11";"2891";"442";"859";"1590"
"2012 week 12";"2817";"424";"828";"1565"
"2012 week 13";"2793";"418";"828";"1547"
"2012 week 14";"2805";"429";"800";"1576"
"2012 week 15";"2757";"466";"799";"1492"
"2012 week 16";"2786";"471";"796";"1519"
"2012 week 17";"2773";"433";"782";"1558"
"2012 week 18";"2609";"406";"771";"1432"
"2012 week 19";"2653";"449";"778";"1426"
"2012 week 20";"2537";"387";"759";"1391"
"2012 week 21";"2727";"480";"774";"1473"
"2012 week 22";"2558";"423";"764";"1371"
"2012 week 23";"2585";"433";"750";"1402"
"2012 week 24";"2558";"427";"775";"1356"
"2012 week 25";"2574";"438";"765";"1371"
"2012 week 26";"2561";"443";"797";"1321"
"2012 week 27";"2639";"506";"750";"1383"
"2012 week 28";"2450";"454";"712";"1284"
"2012 week 29";"2422";"434";"721";"1267"
"2012 week 30";"2559";"460";"770";"1329"
"2012 week 31";"2372";"385";"683";"1304"
"2012 week 32";"2359";"400";"727";"1232"
"2012 week 33";"2548";"436";"750";"1362"
"2012 week 34";"2534";"441";"721";"1372"
"2012 week 35";"2370";"423";"724";"1223"
"2012 week 36";"2540";"453";"754";"1333"
"2012 week 37";"2474";"432";"721";"1321"
"2012 week 38";"2390";"444";"715";"1231"
"2012 week 39";"2640";"463";"828";"1349"
"2012 week 40";"2523";"453";"767";"1303"
"2012 week 41";"2681";"464";"812";"1405"
"2012 week 42";"2666";"439";"841";"1386"
"2012 week 43";"2522";"444";"778";"1300"
"2012 week 44";"2646";"449";"819";"1378"
"2012 week 45";"2691";"478";"790";"1423"
"2012 week 46";"2729";"454";"841";"1434"
"2012 week 47";"2727";"460";"839";"1428"
"2012 week 48";"2731";"466";"840";"1425"
"2012 week 49";"2772";"493";"864";"1415"
"2012 week 50";"2911";"484";"898";"1529"
"2012 week 51";"2860";"487";"869";"1504"
"2012 week 52";"3003";"502";"906";"1595"
"2012 week 53 (1 dag)";"397";"82";"100";"215"
"2012";"140813";"23398";"41372";"76043"
"2013 week 1 (6 dagen)";"2550";"400";"732";"1418"
"2013 week 2";"3038";"463";"865";"1710"
"2013 week 3";"3011";"467";"851";"1693"
"2013 week 4";"3082";"491";"855";"1736"
"2013 week 5";"3192";"487";"875";"1830"
"2013 week 6";"3143";"475";"878";"1790"
"2013 week 7";"3033";"446";"804";"1783"
"2013 week 8";"3211";"464";"892";"1855"
"2013 week 9";"3170";"455";"845";"1870"
"2013 week 10";"3293";"457";"871";"1965"
"2013 week 11";"3039";"441";"862";"1736"
"2013 week 12";"3038";"445";"865";"1728"
"2013 week 13";"3067";"434";"854";"1779"
"2013 week 14";"2974";"446";"859";"1669"
"2013 week 15";"3059";"472";"819";"1768"
"2013 week 16";"2859";"432";"854";"1573"
"2013 week 17";"2727";"411";"819";"1497"
"2013 week 18";"2560";"398";"732";"1430"
"2013 week 19";"2652";"434";"771";"1447"
"2013 week 20";"2571";"408";"781";"1382"
"2013 week 21";"2499";"436";"782";"1281"
"2013 week 22";"2601";"447";"789";"1365"
"2013 week 23";"2577";"434";"772";"1371"
"2013 week 24";"2498";"414";"755";"1329"
"2013 week 25";"2539";"454";"754";"1331"
"2013 week 26";"2493";"407";"741";"1345"
"2013 week 27";"2533";"432";"761";"1340"
"2013 week 28";"2461";"407";"754";"1300"
"2013 week 29";"2488";"438";"740";"1310"
"2013 week 30";"2724";"436";"836";"1452"
"2013 week 31";"2486";"404";"770";"1312"
"2013 week 32";"2389";"416";"706";"1267"
"2013 week 33";"2442";"406";"723";"1313"
"2013 week 34";"2402";"418";"722";"1262"
"2013 week 35";"2436";"398";"749";"1289"
"2013 week 36";"2477";"424";"757";"1296"
"2013 week 37";"2311";"425";"678";"1208"
"2013 week 38";"2498";"447";"774";"1277"
"2013 week 39";"2369";"378";"775";"1216"
"2013 week 40";"2576";"456";"763";"1357"
"2013 week 41";"2604";"424";"795";"1385"
"2013 week 42";"2543";"451";"809";"1283"
"2013 week 43";"2679";"451";"793";"1435"
"2013 week 44";"2469";"449";"748";"1272"
"2013 week 45";"2503";"395";"768";"1340"
"2013 week 46";"2571";"436";"827";"1308"
"2013 week 47";"2565";"461";"798";"1306"
"2013 week 48";"2743";"455";"824";"1464"
"2013 week 49";"2598";"425";"778";"1395"
"2013 week 50";"2590";"405";"776";"1409"
"2013 week 51";"2787";"430";"884";"1473"
"2013 week 52";"2753";"469";"814";"1470"
"2013 week 53 (2 dagen)";"772";"107";"249";"416"
"2013";"141245";"22761";"41648";"76836"
"2014 week 1 (5 dagen)";"1994";"298";"611";"1085"
"2014 week 2";"2819";"434";"828";"1557"
"2014 week 3";"2740";"433";"783";"1524"
"2014 week 4";"2710";"421";"765";"1524"
"2014 week 5";"2708";"352";"770";"1586"
"2014 week 6";"2855";"449";"826";"1580"
"2014 week 7";"2796";"444";"815";"1537"
"2014 week 8";"2753";"414";"811";"1528"
"2014 week 9";"2713";"411";"738";"1564"
"2014 week 10";"2763";"445";"757";"1561"
"2014 week 11";"2770";"424";"835";"1511"
"2014 week 12";"2662";"427";"757";"1478"
"2014 week 13";"2690";"410";"789";"1491"
"2014 week 14";"2707";"397";"817";"1493"
"2014 week 15";"2592";"392";"727";"1473"
"2014 week 16";"2609";"408";"761";"1440"
"2014 week 17";"2610";"423";"768";"1419"
"2014 week 18";"2528";"407";"744";"1377"
"2014 week 19";"2618";"423";"817";"1378"
"2014 week 20";"2620";"443";"805";"1372"
"2014 week 21";"2559";"416";"732";"1411"
"2014 week 22";"2511";"402";"752";"1357"
"2014 week 23";"2499";"403";"745";"1351"
"2014 week 24";"2428";"384";"699";"1345"
"2014 week 25";"2442";"398";"738";"1306"
"2014 week 26";"2483";"378";"766";"1339"
"2014 week 27";"2653";"448";"773";"1432"
"2014 week 28";"2569";"451";"725";"1393"
"2014 week 29";"2809";"611";"828";"1370"
"2014 week 30";"2659";"416";"806";"1437"
"2014 week 31";"2501";"413";"755";"1333"
"2014 week 32";"2540";"414";"742";"1384"
"2014 week 33";"2423";"396";"729";"1298"
"2014 week 34";"2478";"393";"781";"1304"
"2014 week 35";"2678";"463";"781";"1434"
"2014 week 36";"2630";"430";"823";"1377"
"2014 week 37";"2529";"443";"761";"1325"
"2014 week 38";"2594";"410";"790";"1394"
"2014 week 39";"2483";"392";"782";"1309"
"2014 week 40";"2639";"444";"808";"1387"
"2014 week 41";"2615";"429";"780";"1406"
"2014 week 42";"2646";"440";"808";"1398"
"2014 week 43";"2562";"395";"817";"1350"
"2014 week 44";"2647";"442";"825";"1380"
"2014 week 45";"2650";"436";"781";"1433"
"2014 week 46";"2779";"434";"825";"1520"
"2014 week 47";"2777";"436";"850";"1491"
"2014 week 48";"2782";"425";"853";"1504"
"2014 week 49";"2868";"452";"865";"1551"
"2014 week 50";"3097";"474";"885";"1738"
"2014 week 51";"3129";"477";"929";"1723"
"2014 week 52";"2962";"393";"866";"1703"
"2014 week 53 (3 dagen)";"1345";"191";"385";"769"
"2014";"139223";"22184";"41309";"75730"
"2015 week 1 (4 dagen)";"1910";"251";"511";"1148"
"2015 week 2";"3429";"443";"958";"2028"
"2015 week 3";"3377";"432";"885";"2060"
"2015 week 4";"3353";"473";"887";"1993"
"2015 week 5";"3322";"417";"902";"2003"
"2015 week 6";"3272";"447";"897";"1928"
"2015 week 7";"3311";"432";"928";"1951"
"2015 week 8";"3381";"454";"930";"1997"
"2015 week 9";"3207";"416";"884";"1907"
"2015 week 10";"3222";"452";"885";"1885"
"2015 week 11";"3086";"442";"895";"1749"
"2015 week 12";"3052";"478";"866";"1708"
"2015 week 13";"3084";"421";"884";"1779"
"2015 week 14";"2839";"402";"856";"1581"
"2015 week 15";"2888";"431";"831";"1626"
"2015 week 16";"2893";"430";"860";"1603"
"2015 week 17";"2829";"429";"831";"1569"
"2015 week 18";"2674";"402";"839";"1433"
"2015 week 19";"2741";"434";"787";"1520"
"2015 week 20";"2721";"410";"838";"1473"
"2015 week 21";"2566";"388";"754";"1424"
"2015 week 22";"2660";"433";"801";"1426"
"2015 week 23";"2595";"398";"775";"1422"
"2015 week 24";"2680";"363";"860";"1457"
"2015 week 25";"2559";"384";"805";"1370"
"2015 week 26";"2547";"403";"782";"1362"
"2015 week 27";"2848";"455";"825";"1568"
"2015 week 28";"2587";"399";"754";"1434"
"2015 week 29";"2567";"455";"783";"1329"
"2015 week 30";"2548";"420";"786";"1342"
"2015 week 31";"2490";"395";"794";"1301"
"2015 week 32";"2544";"405";"839";"1300"
"2015 week 33";"2529";"388";"746";"1395"
"2015 week 34";"2519";"367";"779";"1373"
"2015 week 35";"2527";"428";"786";"1313"
"2015 week 36";"2510";"393";"764";"1353"
"2015 week 37";"2599";"437";"790";"1372"
"2015 week 38";"2633";"416";"772";"1445"
"2015 week 39";"2683";"439";"838";"1406"
"2015 week 40";"2742";"468";"835";"1439"
"2015 week 41";"2690";"442";"807";"1441"
"2015 week 42";"2712";"404";"828";"1480"
"2015 week 43";"2832";"441";"902";"1489"
"2015 week 44";"2824";"414";"840";"1570"
"2015 week 45";"2692";"461";"829";"1402"
"2015 week 46";"2599";"400";"818";"1381"
"2015 week 47";"2806";"450";"868";"1488"
"2015 week 48";"2721";"431";"863";"1427"
"2015 week 49";"2759";"445";"834";"1480"
"2015 week 50";"2844";"446";"889";"1509"
"2015 week 51";"2881";"407";"899";"1575"
"2015 week 52";"2592";"397";"769";"1426"
"2015 week 53 (4 dagen)";"1658";"269";"497";"892"
"2015";"147134";"22137";"43665";"81332"
"2016 week 1";"3173";"463";"920";"1790"
"2016 week 2";"3075";"445";"863";"1767"
"2016 week 3";"3062";"432";"882";"1748"
"2016 week 4";"3201";"446";"874";"1881"
"2016 week 5";"3103";"455";"946";"1702"
"2016 week 6";"3036";"434";"907";"1695"
"2016 week 7";"3027";"448";"893";"1686"
"2016 week 8";"3319";"471";"936";"1912"
"2016 week 9";"3185";"479";"925";"1781"
"2016 week 10";"3151";"433";"896";"1822"
"2016 week 11";"3062";"485";"884";"1693"
"2016 week 12";"3028";"444";"896";"1688"
"2016 week 13";"3037";"437";"924";"1676"
"2016 week 14";"3010";"428";"866";"1716"
"2016 week 15";"2767";"395";"829";"1543"
"2016 week 16";"2751";"421";"824";"1506"
"2016 week 17";"2742";"407";"763";"1572"
"2016 week 18";"2754";"397";"821";"1536"
"2016 week 19";"2952";"424";"888";"1640"
"2016 week 20";"2671";"348";"779";"1544"
"2016 week 21";"2713";"421";"764";"1528"
"2016 week 22";"2682";"390";"821";"1471"
"2016 week 23";"2587";"378";"757";"1452"
"2016 week 24";"2620";"436";"771";"1413"
"2016 week 25";"2597";"412";"769";"1416"
"2016 week 26";"2609";"405";"821";"1383"
"2016 week 27";"2693";"407";"804";"1482"
"2016 week 28";"2627";"388";"743";"1496"
"2016 week 29";"2753";"428";"842";"1483"
"2016 week 30";"2542";"397";"765";"1380"
"2016 week 31";"2500";"416";"758";"1326"
"2016 week 32";"2558";"420";"775";"1363"
"2016 week 33";"2568";"411";"779";"1378"
"2016 week 34";"2701";"414";"857";"1430"
"2016 week 35";"2591";"420";"791";"1380"
"2016 week 36";"2584";"414";"782";"1388"
"2016 week 37";"2725";"439";"825";"1461"
"2016 week 38";"2500";"409";"810";"1281"
"2016 week 39";"2665";"411";"817";"1437"
"2016 week 40";"2683";"412";"836";"1435"
"2016 week 41";"2934";"461";"938";"1535"
"2016 week 42";"2744";"450";"833";"1461"
"2016 week 43";"2948";"458";"844";"1646"
"2016 week 44";"2731";"400";"809";"1522"
"2016 week 45";"2912";"426";"880";"1606"
"2016 week 46";"2902";"429";"866";"1607"
"2016 week 47";"2908";"395";"876";"1637"
"2016 week 48";"2949";"442";"869";"1638"
"2016 week 49";"3042";"457";"935";"1650"
"2016 week 50";"3129";"444";"944";"1741"
"2016 week 51";"3072";"417";"942";"1713"
"2016 week 52 (6 dagen)";"2860";"413";"840";"1607"
"2016";"148997";"22287";"44361";"82349"
"2017 week 1";"3568";"454";"929";"2185"
"2017 week 2";"3637";"418";"993";"2226"
"2017 week 3";"3487";"428";"894";"2165"
"2017 week 4";"3626";"447";"956";"2223"
"2017 week 5";"3574";"424";"1038";"2112"
"2017 week 6";"3446";"472";"929";"2045"
"2017 week 7";"3417";"466";"877";"2074"
"2017 week 8";"3328";"439";"914";"1975"
"2017 week 9";"3152";"407";"828";"1917"
"2017 week 10";"3054";"436";"886";"1732"
"2017 week 11";"2843";"426";"795";"1622"
"2017 week 12";"2778";"413";"818";"1547"
"2017 week 13";"2850";"426";"866";"1558"
"2017 week 14";"2764";"435";"800";"1529"
"2017 week 15";"2810";"401";"866";"1543"
"2017 week 16";"2713";"403";"815";"1495"
"2017 week 17";"2778";"388";"821";"1569"
"2017 week 18";"2769";"389";"840";"1540"
"2017 week 19";"2802";"379";"853";"1570"
"2017 week 20";"2801";"387";"848";"1566"
"2017 week 21";"2772";"402";"830";"1540"
"2017 week 22";"2701";"377";"840";"1484"
"2017 week 23";"2624";"418";"749";"1457"
"2017 week 24";"2643";"400";"794";"1449"
"2017 week 25";"2627";"415";"803";"1409"
"2017 week 26";"2691";"435";"785";"1471"
"2017 week 27";"2697";"401";"816";"1480"
"2017 week 28";"2520";"397";"758";"1365"
"2017 week 29";"2674";"397";"832";"1445"
"2017 week 30";"2571";"384";"819";"1368"
"2017 week 31";"2510";"386";"775";"1349"
"2017 week 32";"2657";"416";"838";"1403"
"2017 week 33";"2540";"404";"795";"1341"
"2017 week 34";"2545";"384";"763";"1398"
"2017 week 35";"2576";"401";"790";"1385"
"2017 week 36";"2570";"384";"846";"1340"
"2017 week 37";"2707";"416";"864";"1427"
"2017 week 38";"2715";"443";"854";"1418"
"2017 week 39";"2669";"401";"823";"1445"
"2017 week 40";"2641";"421";"793";"1427"
"2017 week 41";"2763";"416";"877";"1470"
"2017 week 42";"2706";"394";"832";"1480"
"2017 week 43";"2676";"397";"791";"1488"
"2017 week 44";"2726";"427";"798";"1501"
"2017 week 45";"2797";"445";"795";"1557"
"2017 week 46";"2916";"430";"911";"1575"
"2017 week 47";"2917";"411";"912";"1594"
"2017 week 48";"2886";"419";"880";"1587"
"2017 week 49";"3027";"457";"899";"1671"
"2017 week 50";"3218";"458";"1017";"1743"
"2017 week 51";"3079";"424";"918";"1737"
"2017 week 52";"3187";"437";"934";"1816"
"2017";"150214";"21694";"44425";"84095"
"2018 week 1";"3343";"431";"932";"1980"
"2018 week 2";"3359";"406";"926";"2027"
"2018 week 3";"3364";"423";"983";"1958"
"2018 week 4";"3322";"408";"936";"1978"
"2018 week 5";"3403";"456";"921";"2026"
"2018 week 6";"3513";"443";"970";"2100"
"2018 week 7";"3660";"427";"1070";"2163"
"2018 week 8";"3691";"434";"1047";"2210"
"2018 week 9";"3937";"468";"1111";"2358"
"2018 week 10";"4092";"464";"1114";"2514"
"2018 week 11";"3733";"445";"1045";"2243"
"2018 week 12";"3430";"438";"947";"2045"
"2018 week 13";"3225";"411";"897";"1917"
"2018 week 14";"3040";"445";"902";"1693"
"2018 week 15";"2860";"402";"846";"1612"
"2018 week 16";"2760";"380";"874";"1506"
"2018 week 17";"2663";"400";"829";"1434"
"2018 week 18";"2645";"395";"767";"1483"
"2018 week 19";"2641";"371";"758";"1512"
"2018 week 20";"2606";"350";"825";"1431"
"2018 week 21";"2674";"391";"797";"1486"
"2018 week 22";"2776";"416";"857";"1503"
"2018 week 23";"2679";"399";"825";"1455"
"2018 week 24";"2557";"372";"797";"1388"
"2018 week 25";"2601";"362";"803";"1436"
"2018 week 26";"2619";"383";"784";"1452"
"2018 week 27";"2726";"406";"838";"1482"
"2018 week 28";"2671";"408";"805";"1458"
"2018 week 29";"2704";"391";"810";"1503"
"2018 week 30";"2767";"405";"824";"1538"
"2018 week 31";"2760";"402";"867";"1491"
"2018 week 32";"2745";"424";"827";"1494"
"2018 week 33";"2605";"404";"785";"1416"
"2018 week 34";"2612";"375";"813";"1424"
"2018 week 35";"2527";"407";"808";"1312"
"2018 week 36";"2613";"417";"811";"1385"
"2018 week 37";"2539";"368";"819";"1352"
"2018 week 38";"2706";"428";"868";"1410"
"2018 week 39";"2696";"447";"804";"1445"
"2018 week 40";"2806";"441";"873";"1492"
"2018 week 41";"2760";"432";"832";"1496"
"2018 week 42";"2739";"384";"831";"1524"
"2018 week 43";"2671";"430";"857";"1384"
"2018 week 44";"2815";"408";"920";"1487"
"2018 week 45";"2798";"407";"907";"1484"
"2018 week 46";"2761";"431";"825";"1505"
"2018 week 47";"2859";"403";"928";"1528"
"2018 week 48";"2907";"423";"916";"1568"
"2018 week 49";"2968";"438";"905";"1625"
"2018 week 50";"3017";"470";"960";"1587"
"2018 week 51";"3041";"425";"928";"1688"
"2018 week 52";"2901";"408";"909";"1584"
"2018 week 53 (1 dag)";"456";"66";"142";"248"
"2018";"153363";"21568";"45975";"85820"
"2019 week 1 (6 dagen)";"2606";"341";"715";"1550"
"2019 week 2";"3262";"463";"864";"1935"
"2019 week 3";"3152";"396";"928";"1828"
"2019 week 4";"3179";"420";"931";"1828"
"2019 week 5";"3139";"438";"944";"1757"
"2019 week 6";"3183";"400";"983";"1800"
"2019 week 7";"3254";"405";"915";"1934"
"2019 week 8";"3220";"414";"939";"1867"
"2019 week 9";"3065";"400";"877";"1788"
"2019 week 10";"3172";"429";"938";"1805"
"2019 week 11";"3225";"414";"979";"1832"
"2019 week 12";"3043";"400";"860";"1783"
"2019 week 13";"3013";"396";"893";"1724"
"2019 week 14";"2898";"384";"847";"1667"
"2019 week 15";"2902";"403";"889";"1610"
"2019 week 16";"3036";"425";"899";"1712"
"2019 week 17";"2956";"367";"859";"1730"
"2019 week 18";"2806";"377";"869";"1560"
"2019 week 19";"2772";"378";"821";"1573"
"2019 week 20";"2821";"387";"811";"1623"
"2019 week 21";"2873";"404";"810";"1659"
"2019 week 22";"2730";"387";"846";"1497"
"2019 week 23";"2734";"417";"805";"1512"
"2019 week 24";"2647";"368";"818";"1461"
"2019 week 25";"2692";"365";"865";"1462"
"2019 week 26";"2836";"411";"857";"1568"
"2019 week 27";"2725";"385";"866";"1474"
"2019 week 28";"2761";"402";"841";"1518"
"2019 week 29";"2586";"402";"816";"1368"
"2019 week 30";"3006";"433";"879";"1694"
"2019 week 31";"2731";"379";"857";"1495"
"2019 week 32";"2629";"371";"783";"1475"
"2019 week 33";"2613";"360";"837";"1416"
"2019 week 34";"2617";"373";"814";"1430"
"2019 week 35";"2783";"383";"905";"1495"
"2019 week 36";"2553";"377";"782";"1394"
"2019 week 37";"2642";"380";"847";"1415"
"2019 week 38";"2580";"355";"817";"1408"
"2019 week 39";"2751";"395";"861";"1495"
"2019 week 40";"2717";"409";"815";"1493"
"2019 week 41";"2912";"411";"945";"1556"
"2019 week 42";"2879";"383";"912";"1584"
"2019 week 43";"2867";"402";"935";"1530"
"2019 week 44";"2856";"394";"884";"1578"
"2019 week 45";"3015";"467";"852";"1696"
"2019 week 46";"3060";"458";"922";"1680"
"2019 week 47";"3023";"389";"925";"1709"
"2019 week 48";"3045";"424";"944";"1677"
"2019 week 49";"3018";"407";"918";"1693"
"2019 week 50";"3161";"430";"1021";"1710"
"2019 week 51";"3253";"454";"1000";"1799"
"2019 week 52";"3028";"410";"936";"1682"
"2019 week 53 (2 dagen)";"858";"113";"264";"481"
"2019";"151885";"20935";"45940";"85010"
"2020 week 1 (5 dagen)*";"2245";"272";"632";"1341"
"2020 week 2*";"3364";"432";"967";"1965"
"2020 week 3*";"3155";"416";"913";"1826"
"2020 week 4*";"3045";"352";"936";"1757"
"2020 week 5*";"3162";"449";"924";"1789"
"2020 week 6*";"3193";"400";"981";"1812"
"2020 week 7*";"3198";"409";"937";"1852"
"2020 week 8*";"2958";"340";"869";"1749"
"2020 week 9*";"3096";"403";"911";"1782"
"2020 week10*";"3104";"392";"889";"1823"
"2020 week 11*";"3217";"408";"949";"1860"
"2020 week 12*";"3615";"450";"1079";"2086"
"2020 week 13*";"4459";"502";"1402";"2555"
"2020 week 14*";"5084";"498";"1503";"3083"
"2020 week 15*";"4978";"482";"1435";"3061"
"2020 week 16*";"4299";"425";"1228";"2646"
"2020 week 17*";"3906";"454";"1153";"2299"
"2020 week 18*";"3378";"443";"999";"1936"
"2020 week 19*";"2984";"388";"914";"1682"
"2020 week 20*";"2773";"373";"832";"1568"
"2020 week 21*";"2770";"368";"805";"1597"
"2020 week 22*";"2725";"366";"857";"1502"
"2020 week 23*";"2682";"385";"836";"1461"
"2020 week 24*";"2691";"407";"835";"1449"
"2020 week 25*";"2692";"375";"855";"1462"
"2020 week 26*";"2659";"381";"828";"1450"
"2020 week 27*";"2636";"402";"807";"1427"
"2020 week 28*";"2614";"386";"812";"1416"
"2020 week 29*";"2526";"370";"775";"1381"
"2020 week 30*";"2670";"408";"821";"1441"
"2020 week 31*";"2657";"372";"840";"1445"
"2020 week 32*";"2634";"417";"819";"1398"
"2020 week 33*";"3202";"462";"927";"1813"
"2020 week 34*";"2836";"411";"856";"1569"
"2020 week 35*";"2715";"347";"855";"1513"
"2020 week 36*";"2661";"405";"819";"1437"
"2020 week 37*";"2704";"380";"883";"1441"
"Bron: CBS"
